<?xml version="1.0" encoding="UTF-8"?>
<project-private xmlns="http://www.netbeans.org/ns/project-private/1">
    <editor-bookmarks xmlns="http://www.netbeans.org/ns/editor-bookmarks/2" lastBookmarkId="0"/>
    <open-files xmlns="http://www.netbeans.org/ns/projectui-open-files/2">
        <group>
            <file>file:/C:/Users/90546/Desktop/Anket/src/Klonlama.java</file>
            <file>file:/C:/Users/90546/Desktop/Anket/src/Tip.java</file>
            <file>file:/C:/Users/90546/Desktop/Anket/src/BilgisayarM.java</file>
            <file>file:/C:/Users/90546/Desktop/Anket/src/Kimya.java</file>
            <file>file:/C:/Users/90546/Desktop/Anket/src/Ssoru7.java</file>
            <file>file:/C:/Users/90546/Desktop/Anket/src/EAsoru1.java</file>
            <file>file:/C:/Users/90546/Desktop/Anket/src/EAsoru4.java</file>
            <file>file:/C:/Users/90546/Desktop/Anket/src/EAsoru9.java</file>
            <file>file:/C:/Users/90546/Desktop/Anket/src/EAsoru7.java</file>
            <file>file:/C:/Users/90546/Desktop/Anket/src/Isletme.java</file>
            <file>file:/C:/Users/90546/Desktop/Anket/src/EAsoru11.java</file>
            <file>file:/C:/Users/90546/Desktop/Anket/src/Ssoru2.java</file>
            <file>file:/C:/Users/90546/Desktop/Anket/src/Ssoru5.java</file>
            <file>file:/C:/Users/90546/Desktop/Anket/src/Ssoru10.java</file>
            <file>file:/C:/Users/90546/Desktop/Anket/src/Bilgi.java</file>
            <file>file:/C:/Users/90546/Desktop/Anket/src/BedenO.java</file>
            <file>file:/C:/Users/90546/Desktop/Anket/src/EAsoru6.java</file>
            <file>file:/C:/Users/90546/Desktop/Anket/src/Ssoru8.java</file>
            <file>file:/C:/Users/90546/Desktop/Anket/src/Ssoru4.java</file>
            <file>file:/C:/Users/90546/Desktop/Anket/src/iktisat.java</file>
            <file>file:/C:/Users/90546/Desktop/Anket/src/Hukuk.java</file>
            <file>file:/C:/Users/90546/Desktop/Anket/src/Mimar.java</file>
            <file>file:/C:/Users/90546/Desktop/Anket/src/Ssoru1.java</file>
            <file>file:/C:/Users/90546/Desktop/Anket/src/EAsoru3.java</file>
            <file>file:/C:/Users/90546/Desktop/Anket/src/Alan.java</file>
            <file>file:/C:/Users/90546/Desktop/Anket/src/EAsoru8.java</file>
            <file>file:/C:/Users/90546/Desktop/Anket/src/EAsoru5.java</file>
            <file>file:/C:/Users/90546/Desktop/Anket/src/Ssoru3.java</file>
            <file>file:/C:/Users/90546/Desktop/Anket/src/EAsoru10.java</file>
            <file>file:/C:/Users/90546/Desktop/Anket/src/EAsoru2.java</file>
            <file>file:/C:/Users/90546/Desktop/Anket/src/Psikoloji.java</file>
            <file>file:/C:/Users/90546/Desktop/Anket/src/SinifO.java</file>
            <file>file:/C:/Users/90546/Desktop/Anket/src/İnsaatM.java</file>
            <file>file:/C:/Users/90546/Desktop/Anket/src/MatematikO.java</file>
            <file>file:/C:/Users/90546/Desktop/Anket/src/GrafikT.java</file>
            <file>file:/C:/Users/90546/Desktop/Anket/src/Fotografci.java</file>
            <file>file:/C:/Users/90546/Desktop/Anket/src/ElektrikE.java</file>
            <file>file:/C:/Users/90546/Desktop/Anket/src/Giris.java</file>
            <file>file:/C:/Users/90546/Desktop/Anket/src/Ssoru9.java</file>
            <file>file:/C:/Users/90546/Desktop/Anket/src/Ssoru6.java</file>
            <file>file:/C:/Users/90546/Desktop/Anket/src/Ssoru11.java</file>
        </group>
    </open-files>
</project-private>
